Index,Location,Notes,LocID,ISO3_Code,ISO2_Code,SDMX_Code,LocType,LocTypeName,ParentID,WorldID,SubRegID,SubRegName,SDGSubRegID,SDGSubRegName,SDGRegID,SDGRegName,GeoRegID,GeoRegName,MoreDev,LessDev,LeastDev,oLessDev,LessDev_ExcludingChina,LLDC,SIDS,WB_HIC,WB_MIC,WB_UMIC,WB_LMIC,WB_LIC,WB_NoIncomeGroup,MaxHIV_Male,MaxHIV_Female,MaxHIV_BothSexes,YearMaxHIV_BothSexes,HIVAIDSMortalityImpact_AgePattern,HIVAIDSMortalityImpact_e0,TotPop2024LessThan1k,TotPop2024LessThan90k
1,WORLD,,900,,,1,1,World,0,,,,,,,,,,,,,,,,,,,,,,,,,,,,,,
2,Sustainable Development Goal (SDG) regions,a,1828,,,,25,Label/Separator,900,,,,,,,,,,,,,,,,,,,,,,,,,,,,,,
3,Sub-Saharan Africa,b,1834,,,202,12,SDG region,1828,,,,,,,,,,,,,,,,,,,,,,,,,,,,,,
4,Northern Africa and Western Asia,,1833,,,747,12,SDG region,1828,,,,,,,,,,,,,,,,,,,,,,,,,,,,,,
5,Central and Southern Asia,,1831,,,62,12,SDG region,1828,,,,,,,,,,,,,,,,,,,,,,,,,,,,,,
6,Eastern and South-Eastern Asia,,1832,,,753,12,SDG region,1828,,,,,,,,,,,,,,,,,,,,,,,,,,,,,,
7,Latin America and the Caribbean,,1830,   ,,419,12,SDG region,1828,,,,,,,,,,,,,,,,,,,,,,,,,,,,,,
8,Oceania (excluding Australia and New Zealand),,1835,,,543,12,SDG region,1828,,,,,,,,,,,,,,,,,,,,,,,,,,,,,,
9,Australia/New Zealand,,1836,   ,,53,12,SDG region,1828,,,,,,,,,,,,,,,,,,,,,,,,,,,,,,
10,Europe and Northern America,,1829,,,513,12,SDG region,1828,,,,,,,,,,,,,,,,,,,,,,,,,,,,,,
11,UN development groups,c,1803,,,,25,Label/Separator,900,,,,,,,,,,,,,,,,,,,,,,,,,,,,,,
12,More developed regions,d,901,,,514,5,Development group,1803,,,,,,,,,,,,,,,,,,,,,,,,,,,,,,
13,Less developed regions,e,902,,,515,5,Development group,1803,,,,,,,,,,,,,,,,,,,,,,,,,,,,,,
14,Least developed countries,f,941,,,199,5,Development group,902,,,,,,,,,,,,,,,,,,,,,,,,,,,,,,
15,"Less developed regions, excluding least developed countries",g,934,,,,5,Development group,902,,,,,,,,,,,,,,,,,,,,,,,,,,,,,,
16,"Less developed regions, excluding China",,948,,,,5,Development group,1803,,,,,,,,,,,,,,,,,,,,,,,,,,,,,,
17,Land-locked Developing Countries (LLDC),h,1636,,,432,5,Development group,1803,,,,,,,,,,,,,,,,,,,,,,,,,,,,,,
18,Small island developing States (SIDS),i,1637,,,722,5,Development group,1803,,,,,,,,,,,,,,,,,,,,,,,,,,,,,,
19,World Bank income groups,,1802,,,,25,Label/Separator,900,,,,,,,,,,,,,,,,,,,,,,,,,,,,,,
20,High-income countries,j,1503,,,910,13,Income group,1802,,,,,,,,,,,,,,,,,,,,,,,,,,,,,,
21,Middle-income countries,j,1517,,,,13,Income group,1802,,,,,,,,,,,,,,,,,,,,,,,,,,,,,,
22,Upper-middle-income countries,j,1502,,,914,13,Income group,1517,,,,,,,,,,,,,,,,,,,,,,,,,,,,,,
23,Lower-middle-income countries,j,1501,,,912,13,Income group,1517,,,,,,,,,,,,,,,,,,,,,,,,,,,,,,
24,Low-income countries,j,1500,,,911,13,Income group,1802,,,,,,,,,,,,,,,,,,,,,,,,,,,,,,
25,No income group available,,1518,,,,13,Income group,1802,,,,,,,,,,,,,,,,,,,,,,,,,,,,,,
26,Geographic regions,k,1840,,,,25,Label/Separator,900,,,,,,,,,,,,,,,,,,,,,,,,,,,,,,
27,AFRICA,,903,,,2,2,Geographic region,1840,,,,,,,,,,,,,,,,,,,,,,,,,,,,,,
28,Eastern Africa,,910,,,14,3,Subregion,903,,,,,,,,,,,,,,,,,,,,,,,,,,,,,,
29,Burundi,,108,BDI,BI,108,4,Country/Area,910,900,910,Eastern Africa,,,947,Sub-Saharan Africa,903,Africa,,902,941,,948,1636,,,,,,1500,,5.7373,5.00089,5.31588,1993,,Yes,,
30,Comoros,,174,COM,KM,174,4,Country/Area,910,900,910,Eastern Africa,,,947,Sub-Saharan Africa,903,Africa,,902,941,,948,,1637,,1517,,1501,,,0.03015,0.02301,0.02649,2014,,,,
31,Djibouti,,262,DJI,DJ,262,4,Country/Area,910,900,910,Eastern Africa,,,947,Sub-Saharan Africa,903,Africa,,902,941,,948,,,,1517,,1501,,,2.85592,3.62688,3.23744,2000,,Yes,,
32,Eritrea,,232,ERI,ER,232,4,Country/Area,910,900,910,Eastern Africa,,,947,Sub-Saharan Africa,903,Africa,,902,941,,948,,,,,,,1500,,1.37538,1.80646,1.58041,1997,,Yes,,
33,Ethiopia,,231,ETH,ET,231,4,Country/Area,910,900,910,Eastern Africa,,,947,Sub-Saharan Africa,903,Africa,,902,941,,948,1636,,,,,,1500,,2.618078,3.764593,3.187247,1995,,Yes,,
34,Kenya,,404,KEN,KE,404,4,Country/Area,910,900,910,Eastern Africa,,,947,Sub-Saharan Africa,903,Africa,,902,,934,948,,,,1517,,1501,,,7.658526,12.061829,9.867611,1996,Yes,Yes,,
35,Madagascar,,450,MDG,MG,450,4,Country/Area,910,900,910,Eastern Africa,,,947,Sub-Saharan Africa,903,Africa,,902,941,,948,,,,,,,1500,,0.320339214,0.287425139,0.303845186,2021,,,,
36,Malawi,,454,MWI,MW,454,4,Country/Area,910,900,910,Eastern Africa,,,947,Sub-Saharan Africa,903,Africa,,902,941,,948,1636,,,,,,1500,,12.31945,16.70918,14.51988,1999,Yes,Yes,,
37,Mauritius,1,480,MUS,MU,480,4,Country/Area,910,900,910,Eastern Africa,,,947,Sub-Saharan Africa,903,Africa,,902,,934,948,,1637,,1517,1502,,,,1.8297,0.83688,1.33646,2010,,Yes,,
38,Mayotte,2,175,MYT,YT,175,4,Country/Area,910,900,910,Eastern Africa,,,947,Sub-Saharan Africa,903,Africa,,902,,934,948,,,1503,,,,,,,,,,,,,
39,Mozambique,,508,MOZ,MZ,508,4,Country/Area,910,900,910,Eastern Africa,,,947,Sub-Saharan Africa,903,Africa,,902,941,,948,,,,,,,1500,,9.656965,15.234805,12.488093,2017,Yes,Yes,,
40,Réunion,2,638,REU,RE,638,4,Country/Area,910,900,910,Eastern Africa,,,947,Sub-Saharan Africa,903,Africa,,902,,934,948,,,1503,,,,,,,,,,,,,
41,Rwanda,,646,RWA,RW,646,4,Country/Area,910,900,910,Eastern Africa,,,947,Sub-Saharan Africa,903,Africa,,902,941,,948,1636,,,,,,1500,,3.83128,5.13782,4.5007,1998,Yes,Yes,,
42,Seychelles,,690,SYC,SC,690,4,Country/Area,910,900,910,Eastern Africa,,,947,Sub-Saharan Africa,903,Africa,,902,,934,948,,1637,1503,,,,,,,,,,,,,
43,Somalia,,706,SOM,SO,706,4,Country/Area,910,900,910,Eastern Africa,,,947,Sub-Saharan Africa,903,Africa,,902,941,,948,,,,,,,1500,,0.37195,0.31562,0.34379,2003,,,,
44,South Sudan,,728,SSD,SS,728,4,Country/Area,910,900,910,Eastern Africa,,,947,Sub-Saharan Africa,903,Africa,,902,941,,948,1636,,,,,,1500,,2.114083412,3.101061249,2.606284097,2021,,Yes,,
45,Uganda,,800,UGA,UG,800,4,Country/Area,910,900,910,Eastern Africa,,,947,Sub-Saharan Africa,903,Africa,,902,941,,948,1636,,,,,,1500,,8.43413,11.32866,9.87009,1991,Yes,Yes,,
46,United Republic of Tanzania,3,834,TZA,TZ,834,4,Country/Area,910,900,910,Eastern Africa,,,947,Sub-Saharan Africa,903,Africa,,902,941,,948,,,,1517,,1501,,,5.05956,7.40687,6.21965,1998,Yes,Yes,,
47,Zambia,,894,ZMB,ZM,894,4,Country/Area,910,900,910,Eastern Africa,,,947,Sub-Saharan Africa,903,Africa,,902,941,,948,1636,,,,,,1500,,12.996835,16.359686,14.585552,1998,Yes,Yes,,
48,Zimbabwe,,716,ZWE,ZW,716,4,Country/Area,910,900,910,Eastern Africa,,,947,Sub-Saharan Africa,903,Africa,,902,,934,948,1636,,,1517,,1501,,,24.26627,26.715496,25.435733,1996,Yes,Yes,,
49,Middle Africa,,911,   ,,17,3,Subregion,903,,,,,,,,,,,,,,,,,,,,,,,,,,,,,,
50,Angola,,24,AGO,AO,24,4,Country/Area,911,900,911,Middle Africa,,,947,Sub-Saharan Africa,903,Africa,,902,941,,948,,,,1517,,1501,,,1.16519,2.56661,1.87714,2017,,Yes,,
51,Cameroon,,120,CMR,CM,120,4,Country/Area,911,900,911,Middle Africa,,,947,Sub-Saharan Africa,903,Africa,,902,,934,948,,,,1517,,1501,,,3.33519,6.33162,4.83064,2002,Yes,Yes,,
52,Central African Republic,,140,CAF,CF,140,4,Country/Area,911,900,911,Middle Africa,,,947,Sub-Saharan Africa,903,Africa,,902,941,,948,1636,,,,,,1500,,6.24204,8.31844,7.28076,1998,Yes,Yes,,
53,Chad,,148,TCD,TD,148,4,Country/Area,911,900,911,Middle Africa,,,947,Sub-Saharan Africa,903,Africa,,902,941,,948,1636,,,,,,1500,,1.61198,2.26166,1.93904,1998,,Yes,,
54,Congo,,178,COG,CG,178,4,Country/Area,911,900,911,Middle Africa,,,947,Sub-Saharan Africa,903,Africa,,902,,934,948,,,,1517,,1501,,,3.48326,5.75464,4.58155,1994,Yes,Yes,,
55,Democratic Republic of the Congo,,180,COD,CD,180,4,Country/Area,911,900,911,Middle Africa,,,947,Sub-Saharan Africa,903,Africa,,902,941,,948,,,,,,,1500,,1.27032,2.57035,1.88134,1996,,Yes,,
56,Equatorial Guinea,,226,GNQ,GQ,226,4,Country/Area,911,900,911,Middle Africa,,,947,Sub-Saharan Africa,903,Africa,,902,,934,948,,,,1517,1502,,,,6.029022453,9.372182641,7.387003986,2021,Yes,Yes,,
57,Gabon,,266,GAB,GA,266,4,Country/Area,911,900,911,Middle Africa,,,947,Sub-Saharan Africa,903,Africa,,902,,934,948,,,,1517,1502,,,,2.6664,6.58936,4.60379,2002,Yes,Yes,,
58,Sao Tome and Principe,,678,STP,ST,678,4,Country/Area,911,900,911,Middle Africa,,,947,Sub-Saharan Africa,903,Africa,,902,941,,948,,1637,,1517,,1501,,,,,,,,,,
59,Northern Africa,,912,   ,,15,3,Subregion,903,,,,,,,,,,,,,,,,,,,,,,,,,,,,,,
60,Algeria,,12,DZA,DZ,12,4,Country/Area,912,900,912,Northern Africa,,,1833,Northern Africa and Western Asia,903,Africa,,902,,934,948,,,,1517,,1501,,,0.09350125,0.086265083,0.089929132,2021,,,,
61,Egypt,,818,EGY,EG,818,4,Country/Area,912,900,912,Northern Africa,,,1833,Northern Africa and Western Asia,903,Africa,,902,,934,948,,,,1517,,1501,,,0.083800604,0.038331293,0.061443817,2021,,,,
62,Libya,,434,LBY,LY,434,4,Country/Area,912,900,912,Northern Africa,,,1833,Northern Africa and Western Asia,903,Africa,,902,,934,948,,,,1517,1502,,,,0.28244,0.124083143,0.20314,2018,,,,
63,Morocco,,504,MAR,MA,504,4,Country/Area,912,900,912,Northern Africa,,,1833,Northern Africa and Western Asia,903,Africa,,902,,934,948,,,,1517,,1501,,,0.10145,0.077790873,0.08886,2018,,,,
64,Sudan,,729,SDN,SD,729,4,Country/Area,912,900,912,Northern Africa,,,1833,Northern Africa and Western Asia,903,Africa,,902,941,,948,,,,,,,1500,,0.2419,0.20839,0.22405,2005,,,,
65,Tunisia,,788,TUN,TN,788,4,Country/Area,912,900,912,Northern Africa,,,1833,Northern Africa and Western Asia,903,Africa,,902,,934,948,,,,1517,,1501,,,0.13010413,0.054540259,0.092044647,2021,,,,
66,Western Sahara,,732,ESH,EH,732,4,Country/Area,912,900,912,Northern Africa,,,1833,Northern Africa and Western Asia,903,Africa,,902,,934,948,,,,,,,,1518,,,,,,,,
67,Southern Africa,,913,   ,,18,3,Subregion,903,,,,,,,,,,,,,,,,,,,,,,,,,,,,,,
68,Botswana,,72,BWA,BW,72,4,Country/Area,913,900,913,Southern Africa,,,947,Sub-Saharan Africa,903,Africa,,902,,934,948,1636,,,1517,1502,,,,21.95055,30.27719,26.07974,2000,Yes,Yes,,
69,Eswatini,,748,SWZ,SZ,748,4,Country/Area,913,900,913,Southern Africa,,,947,Sub-Saharan Africa,903,Africa,,902,,934,948,1636,,,1517,,1501,,,20.42702,37.13825,28.92595,2015,Yes,Yes,,
70,Lesotho,,426,LSO,LS,426,4,Country/Area,913,900,913,Southern Africa,,,947,Sub-Saharan Africa,903,Africa,,902,941,,948,1636,,,1517,,1501,,,19.95459,29.6406,24.62109,2013,Yes,Yes,,
71,Namibia,,516,NAM,NA,516,4,Country/Area,913,900,913,Southern Africa,,,947,Sub-Saharan Africa,903,Africa,,902,,934,948,,,,1517,1502,,,,10.33806,16.83109,13.69498,2002,Yes,Yes,,
72,South Africa,,710,ZAF,ZA,710,4,Country/Area,913,900,913,Southern Africa,,,947,Sub-Saharan Africa,903,Africa,,902,,934,948,,,,1517,1502,,,,13.50125,25.15395,19.31386,2016,Yes,Yes,,
73,Western Africa,,914,   ,,11,3,Subregion,903,,,,,,,,,,,,,,,,,,,,,,,,,,,,,,
74,Benin,,204,BEN,BJ,204,4,Country/Area,914,900,914,Western Africa,,,947,Sub-Saharan Africa,903,Africa,,902,941,,948,,,,1517,,1501,,,1.170501,1.542208,1.354543,2001,,Yes,,
75,Burkina Faso,,854,BFA,BF,854,4,Country/Area,914,900,914,Western Africa,,,947,Sub-Saharan Africa,903,Africa,,902,941,,948,1636,,,,,,1500,,2.82329,2.84282,2.82766,1993,,Yes,,
76,Cabo Verde,,132,CPV,CV,132,4,Country/Area,914,900,914,Western Africa,,,947,Sub-Saharan Africa,903,Africa,,902,,934,948,,1637,,1517,,1501,,,0.61316,0.69624,0.65681,1999,,Yes,,
77,Côte d'Ivoire,,384,CIV,CI,384,4,Country/Area,914,900,914,Western Africa,,,947,Sub-Saharan Africa,903,Africa,,902,,934,948,,,,1517,,1501,,,4.8793,8.27623,6.49319,1997,Yes,Yes,,
78,Gambia,,270,GMB,GM,270,4,Country/Area,914,900,914,Western Africa,,,947,Sub-Saharan Africa,903,Africa,,902,941,,948,,,,,,,1500,,1.52693,2.325507545,1.89926,2017,,Yes,,
79,Ghana,,288,GHA,GH,288,4,Country/Area,914,900,914,Western Africa,,,947,Sub-Saharan Africa,903,Africa,,902,,934,948,,,,1517,,1501,,,1.60275,3.08183,2.33223,1999,,Yes,,
80,Guinea,,324,GIN,GN,324,4,Country/Area,914,900,914,Western Africa,,,947,Sub-Saharan Africa,903,Africa,,902,941,,948,,,,,,,1500,,1.253,2.28459,1.80733,2001,,Yes,,
81,Guinea-Bissau,,624,GNB,GW,624,4,Country/Area,914,900,914,Western Africa,,,947,Sub-Saharan Africa,903,Africa,,902,941,,948,,1637,,,,,1500,,3.31347,4.6607,4.01319,2005,Yes,Yes,,
82,Liberia,,430,LBR,LR,430,4,Country/Area,914,900,914,Western Africa,,,947,Sub-Saharan Africa,903,Africa,,902,941,,948,,,,,,,1500,,3.15149,3.92618,3.5384,1996,Yes,Yes,,
83,Mali,,466,MLI,ML,466,4,Country/Area,914,900,914,Western Africa,,,947,Sub-Saharan Africa,903,Africa,,902,941,,948,1636,,,,,,1500,,1.23949,1.97955,1.61315,1997,,Yes,,
84,Mauritania,,478,MRT,MR,478,4,Country/Area,914,900,914,Western Africa,,,947,Sub-Saharan Africa,903,Africa,,902,941,,948,,,,1517,,1501,,,0.51491,0.45705,0.48597,2003,,Yes,,
85,Niger,,562,NER,NE,562,4,Country/Area,914,900,914,Western Africa,,,947,Sub-Saharan Africa,903,Africa,,902,941,,948,1636,,,,,,1500,,0.73547,0.59285,0.66152,2001,,,,
86,Nigeria,,566,NGA,NG,566,4,Country/Area,914,900,914,Western Africa,,,947,Sub-Saharan Africa,903,Africa,,902,,934,948,,,,1517,,1501,,,1.188505,1.609961,1.354562,2002,,Yes,,
87,Saint Helena,4,654,SHN,SH,654,4,Country/Area,914,900,914,Western Africa,,,947,Sub-Saharan Africa,903,Africa,,902,,934,948,,,,,,,,1518,,,,,,,,Yes
88,Senegal,,686,SEN,SN,686,4,Country/Area,914,900,914,Western Africa,,,947,Sub-Saharan Africa,903,Africa,,902,941,,948,,,,1517,,1501,,,0.73857,0.66346,0.69945,2003,,,,
89,Sierra Leone,,694,SLE,SL,694,4,Country/Area,914,900,914,Western Africa,,,947,Sub-Saharan Africa,903,Africa,,902,941,,948,,,,,,,1500,,1.32799,1.92652,1.60236,2014,,Yes,,
90,Togo,,768,TGO,TG,768,4,Country/Area,914,900,914,Western Africa,,,947,Sub-Saharan Africa,903,Africa,,902,941,,948,,,,,,,1500,,2.67367,4.04616,3.36603,2000,,Yes,,
91,ASIA,,935,,,142,2,Geographic region,1840,,,,,,,,,,,,,,,,,,,,,,,,,,,,,,
92,Central Asia,,5500,   ,,143,3,Subregion,935,,,,,,,,,,,,,,,,,,,,,,,,,,,,,,
93,Kazakhstan,,398,KAZ,KZ,398,4,Country/Area,5500,900,5500,Central Asia,,,921,Central and Southern Asia,935,Asia,,902,,934,948,1636,,,1517,1502,,,,0.495521414,0.230658035,0.362909872,2021,,,,
94,Kyrgyzstan,,417,KGZ,KG,417,4,Country/Area,5500,900,5500,Central Asia,,,921,Central and Southern Asia,935,Asia,,902,,934,948,1636,,,1517,,1501,,,0.361666669,0.183596449,0.273047921,2021,,,,
95,Tajikistan,,762,TJK,TJ,762,4,Country/Area,5500,900,5500,Central Asia,,,921,Central and Southern Asia,935,Asia,,902,,934,948,1636,,,1517,,1501,,,0.394912478,0.137882475,0.267249886,2021,,,,
96,Turkmenistan,,795,TKM,TM,795,4,Country/Area,5500,900,5500,Central Asia,,,921,Central and Southern Asia,935,Asia,,902,,934,948,1636,,,1517,1502,,,,3.649427147,1.740587582,2.690272727,2021,,,,
97,Uzbekistan,,860,UZB,UZ,860,4,Country/Area,5500,900,5500,Central Asia,,,921,Central and Southern Asia,935,Asia,,902,,934,948,1636,,,1517,,1501,,,0.287257441,0.167583224,0.227916546,2021,,,,
98,Eastern Asia,,906,   ,,30,3,Subregion,935,,,,,,,,,,,,,,,,,,,,,,,,,,,,,,
99,China,5,156,CHN,CN,156,4,Country/Area,906,900,906,Eastern Asia,,,1832,Eastern and South-Eastern Asia,935,Asia,,902,,934,,,,,1517,1502,,,,0.183783323,0.084697252,0.136236313,2021,,,,
100,"China, Hong Kong SAR",6,344,HKG,HK,344,4,Country/Area,906,900,906,Eastern Asia,,,1832,Eastern and South-Eastern Asia,935,Asia,,902,,934,,,,1503,,,,,,,,,,,,,
101,"China, Macao SAR",7,446,MAC,MO,446,4,Country/Area,906,900,906,Eastern Asia,,,1832,Eastern and South-Eastern Asia,935,Asia,,902,,934,,,,1503,,,,,,,,,,,,,
102,"China, Taiwan Province of China",8,158,TWN,TW,158,4,Country/Area,906,900,906,Eastern Asia,,,1832,Eastern and South-Eastern Asia,935,Asia,,902,,934,,,,1503,,,,,,,,,,,,,
103,Dem. People's Republic of Korea,,408,PRK,KP,408,4,Country/Area,906,900,906,Eastern Asia,,,1832,Eastern and South-Eastern Asia,935,Asia,,902,,934,948,,,,,,,1500,,0.075097581,0.055683518,0.065519868,2021,,,,
104,Japan,,392,JPN,JP,392,4,Country/Area,906,900,906,Eastern Asia,,,1832,Eastern and South-Eastern Asia,935,Asia,901,,,,,,,1503,,,,,,0.062557839,0.00665,0.034544295,2021,,,,
105,Mongolia,,496,MNG,MN,496,4,Country/Area,906,900,906,Eastern Asia,,,1832,Eastern and South-Eastern Asia,935,Asia,,902,,934,948,1636,,,1517,,1501,,,0.050985402,0.012255104,0.031546612,2021,,,,
106,Republic of Korea,,410,KOR,KR,410,4,Country/Area,906,900,906,Eastern Asia,,,1832,Eastern and South-Eastern Asia,935,Asia,,902,,934,948,,,1503,,,,,,0.096549316,0.01134146,0.055372748,2021,,,,
107,Southern Asia,,5501,   ,,34,3,Subregion,935,,,,,,,,,,,,,,,,,,,,,,,,,,,,,,
108,Afghanistan,,4,AFG,AF,4,4,Country/Area,5501,900,5501,Southern Asia,,,921,Central and Southern Asia,935,Asia,,902,941,,948,1636,,,,,,1500,,0.080607683,0.03516414,0.058677386,2021,,,,
109,Bangladesh,,50,BGD,BD,50,4,Country/Area,5501,900,5501,Southern Asia,,,921,Central and Southern Asia,935,Asia,,902,941,,948,,,,1517,,1501,,,0.018174774,0.010420299,0.014285344,2021,,,,
110,Bhutan,,64,BTN,BT,64,4,Country/Area,5501,900,5501,Southern Asia,,,921,Central and Southern Asia,935,Asia,,902,941,,948,1636,,,1517,,1501,,,0.42917,0.188506598,0.31229,2007,,,,
111,India,,356,IND,IN,356,4,Country/Area,5501,900,5501,Southern Asia,,,921,Central and Southern Asia,935,Asia,,902,,934,948,,,,1517,,1501,,,0.4169,0.27312,0.34718,2001,,,,
112,Iran (Islamic Republic of),,364,IRN,IR,364,4,Country/Area,5501,900,5501,Southern Asia,,,921,Central and Southern Asia,935,Asia,,902,,934,948,,,,1517,,1501,,,0.1446,0.059960285,0.099910193,2021,,,,
113,Maldives,,462,MDV,MV,462,4,Country/Area,5501,900,5501,Southern Asia,,,921,Central and Southern Asia,935,Asia,,902,,934,948,,1637,,1517,1502,,,,0.00755096,0.004397395,0.006601083,2021,,,,
114,Nepal,,524,NPL,NP,524,4,Country/Area,5501,900,5501,Southern Asia,,,921,Central and Southern Asia,935,Asia,,902,941,,948,1636,,,1517,,1501,,,0.31639,0.12877,0.21981,2006,,,,
115,Pakistan,,586,PAK,PK,586,4,Country/Area,5501,900,5501,Southern Asia,,,921,Central and Southern Asia,935,Asia,,902,,934,948,,,,1517,,1501,,,0.225441863,0.100377144,0.164649043,2021,,,,
116,Sri Lanka,,144,LKA,LK,144,4,Country/Area,5501,900,5501,Southern Asia,,,921,Central and Southern Asia,935,Asia,,902,,934,948,,,,1517,,1501,,,0.04607,0.01706,0.03102,2009,,,,
117,South-Eastern Asia,,920,   ,,35,3,Subregion,935,,,,,,,,,,,,,,,,,,,,,,,,,,,,,,
118,Brunei Darussalam,,96,BRN,BN,96,4,Country/Area,920,900,920,South-Eastern Asia,,,1832,Eastern and South-Eastern Asia,935,Asia,,902,,934,948,,,1503,,,,,,0.045121713,0.017195602,0.03178422,2021,,,,
119,Cambodia,,116,KHM,KH,116,4,Country/Area,920,900,920,South-Eastern Asia,,,1832,Eastern and South-Eastern Asia,935,Asia,,902,941,,948,,,,1517,,1501,,,2.14489,1.27089,1.66362,1999,,Yes,,
120,Indonesia,,360,IDN,ID,360,4,Country/Area,920,900,920,South-Eastern Asia,,,1832,Eastern and South-Eastern Asia,935,Asia,,902,,934,948,,,,1517,,1501,,,0.54231,0.313142219,0.42757,2018,,,,
121,Lao People's Democratic Republic,,418,LAO,LA,418,4,Country/Area,920,900,920,South-Eastern Asia,,,1832,Eastern and South-Eastern Asia,935,Asia,,902,941,,948,1636,,,1517,,1501,,,0.344640702,0.27011028,0.30758748,2021,,,,
122,Malaysia,9,458,MYS,MY,458,4,Country/Area,920,900,920,South-Eastern Asia,,,1832,Eastern and South-Eastern Asia,935,Asia,,902,,934,948,,,,1517,1502,,,,0.686524687,0.14866,0.419432105,2021,,,,
123,Myanmar,,104,MMR,MM,104,4,Country/Area,920,900,920,South-Eastern Asia,,,1832,Eastern and South-Eastern Asia,935,Asia,,902,941,,948,,,,1517,,1501,,,1.08504,0.5954,0.81062,2009,,Yes,,
124,Philippines,,608,PHL,PH,608,4,Country/Area,920,900,920,South-Eastern Asia,,,1832,Eastern and South-Eastern Asia,935,Asia,,902,,934,948,,,,1517,,1501,,,0.397938041,0.02625377,0.215033071,2021,,,,
125,Singapore,,702,SGP,SG,702,4,Country/Area,920,900,920,South-Eastern Asia,,,1832,Eastern and South-Eastern Asia,935,Asia,,902,,934,948,,1637,1503,,,,,,0.47819,0.05533,0.26831,2013,,,,
126,Thailand,,764,THA,TH,764,4,Country/Area,920,900,920,South-Eastern Asia,,,1832,Eastern and South-Eastern Asia,935,Asia,,902,,934,948,,,,1517,1502,,,,3.05847,1.381,2.07906,1996,,Yes,,
127,Timor-Leste,,626,TLS,TL,626,4,Country/Area,920,900,920,South-Eastern Asia,,,1832,Eastern and South-Eastern Asia,935,Asia,,902,941,,948,,1637,,1517,,1501,,,0.222410102,0.205698067,0.214114898,2021,,,,
128,Viet Nam,,704,VNM,VN,704,4,Country/Area,920,900,920,South-Eastern Asia,,,1832,Eastern and South-Eastern Asia,935,Asia,,902,,934,948,,,,1517,,1501,,,0.51357,0.2165,0.36569,2010,,,,
129,Western Asia,,922,   ,,145,3,Subregion,935,,,,,,,,,,,,,,,,,,,,,,,,,,,,,,
130,Armenia,,51,ARM,AM,51,4,Country/Area,922,900,922,Western Asia,,,1833,Northern Africa and Western Asia,935,Asia,,902,,934,948,1636,,,1517,1502,,,,0.24645,0.117500502,0.1759,2010,,,,
131,Azerbaijan,10,31,AZE,AZ,31,4,Country/Area,922,900,922,Western Asia,,,1833,Northern Africa and Western Asia,935,Asia,,902,,934,948,1636,,,1517,1502,,,,0.21051,0.10551,0.15665,2005,,,,
132,Bahrain,,48,BHR,BH,48,4,Country/Area,922,900,922,Western Asia,,,1833,Northern Africa and Western Asia,935,Asia,,902,,934,948,,1637,1503,,,,,,0.086651259,0.064907802,0.075918854,2021,,,,
133,Cyprus,11,196,CYP,CY,196,4,Country/Area,922,900,922,Western Asia,,,1833,Northern Africa and Western Asia,935,Asia,,902,,934,948,,,1503,,,,,,0.194623252,0.054282712,0.128053203,2021,,,,
134,Georgia,12,268,GEO,GE,268,4,Country/Area,922,900,922,Western Asia,,,1833,Northern Africa and Western Asia,935,Asia,,902,,934,948,,,,1517,1502,,,,0.638281219,0.288294646,0.464127747,2021,,,,
135,Iraq,,368,IRQ,IQ,368,4,Country/Area,922,900,922,Western Asia,,,1833,Northern Africa and Western Asia,935,Asia,,902,,934,948,,,,1517,1502,,,,,,,,,,,
136,Israel,,376,ISR,IL,376,4,Country/Area,922,900,922,Western Asia,,,1833,Northern Africa and Western Asia,935,Asia,,902,,934,948,,,1503,,,,,,0.199854752,0.074843365,0.138118203,2021,,,,
137,Jordan,,400,JOR,JO,400,4,Country/Area,922,900,922,Western Asia,,,1833,Northern Africa and Western Asia,935,Asia,,902,,934,948,,,,1517,1502,,,,0.009922448,0.002053982,0.006053945,2021,,,,
138,Kuwait,,414,KWT,KW,414,4,Country/Area,922,900,922,Western Asia,,,1833,Northern Africa and Western Asia,935,Asia,,902,,934,948,,,1503,,,,,,0.102535256,0.04697524,0.075092676,2021,,,,
139,Lebanon,,422,LBN,LB,422,4,Country/Area,922,900,922,Western Asia,,,1833,Northern Africa and Western Asia,935,Asia,,902,,934,948,,,,1517,,1501,,,0.113213155,0.02113,0.063733315,2021,,,,
140,Oman,,512,OMN,OM,512,4,Country/Area,922,900,922,Western Asia,,,1833,Northern Africa and Western Asia,935,Asia,,902,,934,948,,,1503,,,,,,0.171,0.06861,0.1202,1998,,,,
141,Qatar,,634,QAT,QA,634,4,Country/Area,922,900,922,Western Asia,,,1833,Northern Africa and Western Asia,935,Asia,,902,,934,948,,,1503,,,,,,0.207354637,0.093651294,0.15148666,2021,,,,
142,Saudi Arabia,,682,SAU,SA,682,4,Country/Area,922,900,922,Western Asia,,,1833,Northern Africa and Western Asia,935,Asia,,902,,934,948,,,1503,,,,,,0.121216931,0.055166625,0.088424607,2021,,,,
143,State of Palestine,13,275,PSE,PS,275,4,Country/Area,922,900,922,Western Asia,,,1833,Northern Africa and Western Asia,935,Asia,,902,,934,948,,,,1517,,1501,,,,,,,,,,
144,Syrian Arab Republic,,760,SYR,SY,760,4,Country/Area,922,900,922,Western Asia,,,1833,Northern Africa and Western Asia,935,Asia,,902,,934,948,,,,,,,1500,,0.006736824,0.003131602,0.0049541,2021,,,,
145,Türkiye,,792,TUR,TR,792,4,Country/Area,922,900,922,Western Asia,,,1833,Northern Africa and Western Asia,935,Asia,,902,,934,948,,,,1517,1502,,,,0.102794175,0.028639964,0.065833781,2021,,,,
146,United Arab Emirates,,784,ARE,AE,784,4,Country/Area,922,900,922,Western Asia,,,1833,Northern Africa and Western Asia,935,Asia,,902,,934,948,,,1503,,,,,,0.395074023,0.213396072,0.305467184,2021,,,,
147,Yemen,,887,YEM,YE,887,4,Country/Area,922,900,922,Western Asia,,,1833,Northern Africa and Western Asia,935,Asia,,902,941,,948,,,,,,,1500,,0.100546345,0.028716395,0.065155682,2021,,,,
148,EUROPE,,908,,,150,2,Geographic region,1840,,,,,,,,,,,,,,,,,,,,,,,,,,,,,,
149,Eastern Europe,,923,   ,,151,3,Subregion,908,,,,,,,,,,,,,,,,,,,,,,,,,,,,,,
150,Belarus,,112,BLR,BY,112,4,Country/Area,923,900,923,Eastern Europe,917,Europe,1829,Europe and Northern America,908,Europe,901,,,,,,,,1517,1502,,,,0.550462683,0.486041771,0.518528947,2021,,,,
151,Bulgaria,,100,BGR,BG,100,4,Country/Area,923,900,923,Eastern Europe,917,Europe,1829,Europe and Northern America,908,Europe,901,,,,,,,,1517,1502,,,,0.144961025,0.035473232,0.091663154,2021,,,,
152,Czechia,,203,CZE,CZ,203,4,Country/Area,923,900,923,Eastern Europe,917,Europe,1829,Europe and Northern America,908,Europe,901,,,,,,,1503,,,,,,0.102119947,0.012998257,0.058663407,2021,,,,
153,Hungary,,348,HUN,HU,348,4,Country/Area,923,900,923,Eastern Europe,917,Europe,1829,Europe and Northern America,908,Europe,901,,,,,,,1503,,,,,,0.10539469,0.014588249,0.060711449,2021,,,,
154,Poland,,616,POL,PL,616,4,Country/Area,923,900,923,Eastern Europe,917,Europe,1829,Europe and Northern America,908,Europe,901,,,,,,,1503,,,,,,0.14886696,0.026298017,0.088309627,2021,,,,
155,Republic of Moldova,14,498,MDA,MD,498,4,Country/Area,923,900,923,Eastern Europe,917,Europe,1829,Europe and Northern America,908,Europe,901,,,,,1636,,,1517,1502,,,,0.938194457,0.5676592,0.754027322,2021,,,,
156,Romania,,642,ROU,RO,642,4,Country/Area,923,900,923,Eastern Europe,917,Europe,1829,Europe and Northern America,908,Europe,901,,,,,,,1503,,,,,,0.175523609,0.11626,0.14182631,2021,,,,
157,Russian Federation,,643,RUS,RU,643,4,Country/Area,923,900,923,Eastern Europe,917,Europe,1829,Europe and Northern America,908,Europe,901,,,,,,,,1517,1502,,,,1.991512542,1.206009295,1.596166894,2021,,Yes,,
158,Slovakia,,703,SVK,SK,703,4,Country/Area,923,900,923,Eastern Europe,917,Europe,1829,Europe and Northern America,908,Europe,901,,,,,,,1503,,,,,,0.061357336,0.006621682,0.034362965,2021,,,,
159,Ukraine,15,804,UKR,UA,804,4,Country/Area,923,900,923,Eastern Europe,917,Europe,1829,Europe and Northern America,908,Europe,901,,,,,,,,1517,,1501,,,1.1211,0.927389634,1.010897555,2021,,Yes,,
160,Northern Europe,,924,   ,,154,3,Subregion,908,,,,,,,,,,,,,,,,,,,,,,,,,,,,,,
161,Denmark,16,208,DNK,DK,208,4,Country/Area,924,900,924,Northern Europe,917,Europe,1829,Europe and Northern America,908,Europe,901,,,,,,,1503,,,,,,0.18641,0.07388,0.12446,1991,,,,
162,Estonia,,233,EST,EE,233,4,Country/Area,924,900,924,Northern Europe,917,Europe,1829,Europe and Northern America,908,Europe,901,,,,,,,1503,,,,,,1.147721384,0.601297764,0.880646216,2021,,,,
163,Faroe Islands,17,234,FRO,FO,234,4,Country/Area,924,900,924,Northern Europe,917,Europe,1829,Europe and Northern America,908,Europe,901,,,,,,,1503,,,,,,,,,,,,,Yes
164,Finland,18,246,FIN,FI,246,4,Country/Area,924,900,924,Northern Europe,917,Europe,1829,Europe and Northern America,908,Europe,901,,,,,,,1503,,,,,,0.121144146,0.049533848,0.086245125,2021,,,,
165,Guernsey,19,831,GGY,GG,831,4,Country/Area,924,900,924,Northern Europe,917,Europe,1829,Europe and Northern America,908,Europe,901,,,,,,,1503,,,,,,,,,,,,,Yes
166,Iceland,,352,ISL,IS,352,4,Country/Area,924,900,924,Northern Europe,917,Europe,1829,Europe and Northern America,908,Europe,901,,,,,,,1503,,,,,,0.240875386,0.09657369,0.170023412,2021,,,,
167,Ireland,,372,IRL,IE,372,4,Country/Area,924,900,924,Northern Europe,917,Europe,1829,Europe and Northern America,908,Europe,901,,,,,,,1503,,,,,,0.31051354,0.11805,0.214504898,2021,,,,
168,Isle of Man,19,833,IMN,IM,833,4,Country/Area,924,900,924,Northern Europe,917,Europe,1829,Europe and Northern America,908,Europe,901,,,,,,,1503,,,,,,,,,,,,,Yes
169,Jersey,19,832,JEY,JE,832,4,Country/Area,924,900,924,Northern Europe,917,Europe,1829,Europe and Northern America,908,Europe,901,,,,,,,1503,,,,,,,,,,,,,
170,Latvia,,428,LVA,LV,428,4,Country/Area,924,900,924,Northern Europe,917,Europe,1829,Europe and Northern America,908,Europe,901,,,,,,,1503,,,,,,0.661643984,0.327625869,0.496853631,2021,,,,
171,Lithuania,,440,LTU,LT,440,4,Country/Area,924,900,924,Northern Europe,917,Europe,1829,Europe and Northern America,908,Europe,901,,,,,,,1503,,,,,,0.320035429,0.106412507,0.214182997,2021,,,,
172,Norway,20,578,NOR,NO,578,4,Country/Area,924,900,924,Northern Europe,917,Europe,1829,Europe and Northern America,908,Europe,901,,,,,,,1503,,,,,,0.14597,0.09039,0.11879,2013,,,,
173,Sweden,,752,SWE,SE,752,4,Country/Area,924,900,924,Northern Europe,917,Europe,1829,Europe and Northern America,908,Europe,901,,,,,,,1503,,,,,,0.188515209,0.083087277,0.136871137,2021,,,,
174,United Kingdom,21,826,GBR,GB,826,4,Country/Area,924,900,924,Northern Europe,917,Europe,1829,Europe and Northern America,908,Europe,901,,,,,,,1503,,,,,,0.29781,0.13871,0.21875,2012,,,,
175,Southern Europe,,925,   ,,39,3,Subregion,908,,,,,,,,,,,,,,,,,,,,,,,,,,,,,,
176,Albania,,8,ALB,AL,8,4,Country/Area,925,900,925,Southern Europe,917,Europe,1829,Europe and Northern America,908,Europe,901,,,,,,,,1517,1502,,,,0.107320276,0.03559218,0.071686097,2021,,,,
177,Andorra,,20,AND,AD,20,4,Country/Area,925,900,925,Southern Europe,917,Europe,1829,Europe and Northern America,908,Europe,901,,,,,,,1503,,,,,,,,,,,,,Yes
178,Bosnia and Herzegovina,,70,BIH,BA,70,4,Country/Area,925,900,925,Southern Europe,917,Europe,1829,Europe and Northern America,908,Europe,901,,,,,,,,1517,1502,,,,0.018375865,0.00335053,0.011029723,2021,,,,
179,Croatia,,191,HRV,HR,191,4,Country/Area,925,900,925,Southern Europe,917,Europe,1829,Europe and Northern America,908,Europe,901,,,,,,,1503,,,,,,0.100552808,0.013135506,0.057594505,2021,,,,
180,Gibraltar,19,292,GIB,GI,292,4,Country/Area,925,900,925,Southern Europe,917,Europe,1829,Europe and Northern America,908,Europe,901,,,,,,,1503,,,,,,,,,,,,,Yes
181,Greece,,300,GRC,GR,300,4,Country/Area,925,900,925,Southern Europe,917,Europe,1829,Europe and Northern America,908,Europe,901,,,,,,,1503,,,,,,0.305069755,0.064668017,0.187322082,2021,,,,
182,Holy See,22,336,VAT,VA,336,4,Country/Area,925,900,925,Southern Europe,917,Europe,1829,Europe and Northern America,908,Europe,901,,,,,,,,,,,,1518,,,,,,,Yes,Yes
183,Italy,,380,ITA,IT,380,4,Country/Area,925,900,925,Southern Europe,917,Europe,1829,Europe and Northern America,908,Europe,901,,,,,,,1503,,,,,,0.36243,0.16916,0.26599,2012,,,,
184,Kosovo (under UNSC res. 1244),23,412,XKX,XK,412,4,Country/Area,925,900,925,Southern Europe,917,Europe,1829,Europe and Northern America,908,Europe,901,,,,,,,,1517,1502,,,,,,,,,,,
185,Malta,,470,MLT,MT,470,4,Country/Area,925,900,925,Southern Europe,917,Europe,1829,Europe and Northern America,908,Europe,901,,,,,,,1503,,,,,,0.379042392,0.104310242,0.246270634,2021,,,,
186,Montenegro,,499,MNE,ME,499,4,Country/Area,925,900,925,Southern Europe,917,Europe,1829,Europe and Northern America,908,Europe,901,,,,,,,,1517,1502,,,,0.190377563,0.025537286,0.109305591,2021,,,,
187,North Macedonia,,807,MKD,MK,807,4,Country/Area,925,900,925,Southern Europe,917,Europe,1829,Europe and Northern America,908,Europe,901,,,,,1636,,,1517,1502,,,,0.090653735,0.012522121,0.052426812,2021,,,,
188,Portugal,,620,PRT,PT,620,4,Country/Area,925,900,925,Southern Europe,917,Europe,1829,Europe and Northern America,908,Europe,901,,,,,,,1503,,,,,,0.80384,0.29937,0.55066,2007,,,,
189,San Marino,,674,SMR,SM,674,4,Country/Area,925,900,925,Southern Europe,917,Europe,1829,Europe and Northern America,908,Europe,901,,,,,,,1503,,,,,,,,,,,,,Yes
190,Serbia,24,688,SRB,RS,688,4,Country/Area,925,900,925,Southern Europe,917,Europe,1829,Europe and Northern America,908,Europe,901,,,,,,,,1517,1502,,,,0.096690518,0.01454,0.056082582,2021,,,,
191,Slovenia,,705,SVN,SI,705,4,Country/Area,925,900,925,Southern Europe,917,Europe,1829,Europe and Northern America,908,Europe,901,,,,,,,1503,,,,,,0.110834443,0.01161,0.062480425,2021,,,,
192,Spain,25,724,ESP,ES,724,4,Country/Area,925,900,925,Southern Europe,917,Europe,1829,Europe and Northern America,908,Europe,901,,,,,,,1503,,,,,,0.68248,0.1611,0.41373,2011,,,,
193,Western Europe,,926,   ,,155,3,Subregion,908,,,,,,,,,,,,,,,,,,,,,,,,,,,,,,
194,Austria,,40,AUT,AT,40,4,Country/Area,926,900,926,Western Europe,917,Europe,1829,Europe and Northern America,908,Europe,901,,,,,,,1503,,,,,,0.15879,0.05604,0.10738,2016,,,,
195,Belgium,,56,BEL,BE,56,4,Country/Area,926,900,926,Western Europe,917,Europe,1829,Europe and Northern America,908,Europe,901,,,,,,,1503,,,,,,0.25489,0.165707981,0.209886292,2021,,,,
196,France,26,250,FRA,FR,250,4,Country/Area,926,900,926,Western Europe,917,Europe,1829,Europe and Northern America,908,Europe,901,,,,,,,1503,,,,,,0.49322,0.177426576,0.33323,2017,,,,
197,Germany,,276,DEU,DE,276,4,Country/Area,926,900,926,Western Europe,917,Europe,1829,Europe and Northern America,908,Europe,901,,,,,,,1503,,,,,,0.18962,0.047692552,0.11864,2016,,,,
198,Liechtenstein,,438,LIE,LI,438,4,Country/Area,926,900,926,Western Europe,917,Europe,1829,Europe and Northern America,908,Europe,901,,,,,,,1503,,,,,,,,,,,,,Yes
199,Luxembourg,,442,LUX,LU,442,4,Country/Area,926,900,926,Western Europe,917,Europe,1829,Europe and Northern America,908,Europe,901,,,,,,,1503,,,,,,0.325651246,0.158584481,0.243392975,2021,,,,
200,Monaco,,492,MCO,MC,492,4,Country/Area,926,900,926,Western Europe,917,Europe,1829,Europe and Northern America,908,Europe,901,,,,,,,1503,,,,,,,,,,,,,Yes
201,Netherlands,27,528,NLD,NL,528,4,Country/Area,926,900,926,Western Europe,917,Europe,1829,Europe and Northern America,908,Europe,901,,,,,,,1503,,,,,,0.28955,0.0645,0.17816,2013,,,,
202,Switzerland,,756,CHE,CH,756,4,Country/Area,926,900,926,Western Europe,917,Europe,1829,Europe and Northern America,908,Europe,901,,,,,,,1503,,,,,,0.31846,0.12066,0.21402,2008,,,,
203,LATIN AMERICA AND THE CARIBBEAN,,904,,,419,2,Geographic region,1840,,,,,,,,,,,,,,,,,,,,,,,,,,,,,,
204,Caribbean,,915,   ,,29,3,Subregion,904,,,,,,,,,,,,,,,,,,,,,,,,,,,,,,
205,Anguilla,19,660,AIA,AI,660,4,Country/Area,915,900,915,Caribbean,,,1830,Latin America and the Caribbean,904,Latin America and the Caribbean,,902,,934,948,,1637,,,,,,1518,,,,,,,,Yes
206,Antigua and Barbuda,,28,ATG,AG,28,4,Country/Area,915,900,915,Caribbean,,,1830,Latin America and the Caribbean,904,Latin America and the Caribbean,,902,,934,948,,1637,1503,,,,,,,,,,,,,
207,Aruba,28,533,ABW,AW,533,4,Country/Area,915,900,915,Caribbean,,,1830,Latin America and the Caribbean,904,Latin America and the Caribbean,,902,,934,948,,1637,1503,,,,,,,,,,,,,
208,Bahamas,,44,BHS,BS,44,4,Country/Area,915,900,915,Caribbean,,,1830,Latin America and the Caribbean,904,Latin America and the Caribbean,,902,,934,948,,1637,1503,,,,,,4.22005,2.1816,3.17996,1992,,Yes,,
209,Barbados,,52,BRB,BB,52,4,Country/Area,915,900,915,Caribbean,,,1830,Latin America and the Caribbean,904,Latin America and the Caribbean,,902,,934,948,,1637,1503,,,,,,2.86976,2.06401,2.46293,1992,,Yes,,
210,"Bonaire, Sint Eustatius and Saba",28,535,BES,BQ,535,4,Country/Area,915,900,915,Caribbean,,,1830,Latin America and the Caribbean,904,Latin America and the Caribbean,,902,,934,948,,,,,,,,1518,,,,,,,,Yes
211,British Virgin Islands,19,92,VGB,VG,92,4,Country/Area,915,900,915,Caribbean,,,1830,Latin America and the Caribbean,904,Latin America and the Caribbean,,902,,934,948,,1637,1503,,,,,,,,,,,,,Yes
212,Cayman Islands,19,136,CYM,KY,136,4,Country/Area,915,900,915,Caribbean,,,1830,Latin America and the Caribbean,904,Latin America and the Caribbean,,902,,934,948,,1637,1503,,,,,,,,,,,,,Yes
213,Cuba,,192,CUB,CU,192,4,Country/Area,915,900,915,Caribbean,,,1830,Latin America and the Caribbean,904,Latin America and the Caribbean,,902,,934,948,,1637,,1517,1502,,,,0.723768951,0.158956588,0.447608899,2021,,,,
214,Curaçao,28,531,CUW,CW,531,4,Country/Area,915,900,915,Caribbean,,,1830,Latin America and the Caribbean,904,Latin America and the Caribbean,,902,,934,948,,1637,1503,,,,,,,,,,,,,
215,Dominica,,212,DMA,DM,212,4,Country/Area,915,900,915,Caribbean,,,1830,Latin America and the Caribbean,904,Latin America and the Caribbean,,902,,934,948,,1637,,1517,1502,,,,,,,,,,,Yes
216,Dominican Republic,,214,DOM,DO,214,4,Country/Area,915,900,915,Caribbean,,,1830,Latin America and the Caribbean,904,Latin America and the Caribbean,,902,,934,948,,1637,,1517,1502,,,,2.18856,1.84096,2.01295,1999,,Yes,,
217,Grenada,,308,GRD,GD,308,4,Country/Area,915,900,915,Caribbean,,,1830,Latin America and the Caribbean,904,Latin America and the Caribbean,,902,,934,948,,1637,,1517,1502,,,,,,,,,,,
218,Guadeloupe,2,312,GLP,GP,312,4,Country/Area,915,900,915,Caribbean,,,1830,Latin America and the Caribbean,904,Latin America and the Caribbean,,902,,934,948,,1637,1503,,,,,,,,,,,,,
219,Haiti,,332,HTI,HT,332,4,Country/Area,915,900,915,Caribbean,,,1830,Latin America and the Caribbean,904,Latin America and the Caribbean,,902,941,,948,,1637,,1517,,1501,,,3.10123,3.37162,3.21821,1995,,Yes,,
220,Jamaica,,388,JAM,JM,388,4,Country/Area,915,900,915,Caribbean,,,1830,Latin America and the Caribbean,904,Latin America and the Caribbean,,902,,934,948,,1637,,1517,1502,,,,2.06531,1.1826,1.60986,2001,,Yes,,
221,Martinique,2,474,MTQ,MQ,474,4,Country/Area,915,900,915,Caribbean,,,1830,Latin America and the Caribbean,904,Latin America and the Caribbean,,902,,934,948,,1637,1503,,,,,,,,,,,,,
222,Montserrat,19,500,MSR,MS,500,4,Country/Area,915,900,915,Caribbean,,,1830,Latin America and the Caribbean,904,Latin America and the Caribbean,,902,,934,948,,1637,,,,,,1518,,,,,,,,Yes
223,Puerto Rico,29,630,PRI,PR,630,4,Country/Area,915,900,915,Caribbean,,,1830,Latin America and the Caribbean,904,Latin America and the Caribbean,,902,,934,948,,1637,1503,,,,,,,,,,,,,
224,Saint Barthélemy,2,652,BLM,BL,652,4,Country/Area,915,900,915,Caribbean,,,1830,Latin America and the Caribbean,904,Latin America and the Caribbean,,902,,934,948,,,1503,,,,,,,,,,,,,Yes
225,Saint Kitts and Nevis,,659,KNA,KN,659,4,Country/Area,915,900,915,Caribbean,,,1830,Latin America and the Caribbean,904,Latin America and the Caribbean,,902,,934,948,,1637,1503,,,,,,,,,,,,,Yes
226,Saint Lucia,,662,LCA,LC,662,4,Country/Area,915,900,915,Caribbean,,,1830,Latin America and the Caribbean,904,Latin America and the Caribbean,,902,,934,948,,1637,,1517,1502,,,,,,,,,,,
227,Saint Martin (French part),2,663,MAF,MF,663,4,Country/Area,915,900,915,Caribbean,,,1830,Latin America and the Caribbean,904,Latin America and the Caribbean,,902,,934,948,,,1503,,,,,,,,,,,,,Yes
228,Saint Vincent and the Grenadines,,670,VCT,VC,670,4,Country/Area,915,900,915,Caribbean,,,1830,Latin America and the Caribbean,904,Latin America and the Caribbean,,902,,934,948,,1637,,1517,1502,,,,,,,,,,,
229,Sint Maarten (Dutch part),28,534,SXM,SX,534,4,Country/Area,915,900,915,Caribbean,,,1830,Latin America and the Caribbean,904,Latin America and the Caribbean,,902,,934,948,,1637,1503,,,,,,,,,,,,,Yes
230,Trinidad and Tobago,,780,TTO,TT,780,4,Country/Area,915,900,915,Caribbean,,,1830,Latin America and the Caribbean,904,Latin America and the Caribbean,,902,,934,948,,1637,1503,,,,,,1.14788,1.20997,1.17513,2008,,Yes,,
231,Turks and Caicos Islands,19,796,TCA,TC,796,4,Country/Area,915,900,915,Caribbean,,,1830,Latin America and the Caribbean,904,Latin America and the Caribbean,,902,,934,948,,1637,1503,,,,,,,,,,,,,Yes
232,United States Virgin Islands,29,850,VIR,VI,850,4,Country/Area,915,900,915,Caribbean,,,1830,Latin America and the Caribbean,904,Latin America and the Caribbean,,902,,934,948,,1637,1503,,,,,,,,,,,,,Yes
233,Central America,,916,   ,,13,3,Subregion,904,,,,,,,,,,,,,,,,,,,,,,,,,,,,,,
234,Belize,,84,BLZ,BZ,84,4,Country/Area,916,900,916,Central America,,,1830,Latin America and the Caribbean,904,Latin America and the Caribbean,,902,,934,948,,1637,,1517,1502,,,,1.58712,1.43623,1.50106,2008,,Yes,,
235,Costa Rica,,188,CRI,CR,188,4,Country/Area,916,900,916,Central America,,,1830,Latin America and the Caribbean,904,Latin America and the Caribbean,,902,,934,948,,,,1517,1502,,,,0.551411662,0.245961409,0.400464086,2021,,,,
236,El Salvador,,222,SLV,SV,222,4,Country/Area,916,900,916,Central America,,,1830,Latin America and the Caribbean,904,Latin America and the Caribbean,,902,,934,948,,,,1517,,1501,,,0.97579,0.45882,0.69564,2009,,,,
237,Guatemala,,320,GTM,GT,320,4,Country/Area,916,900,916,Central America,,,1830,Latin America and the Caribbean,904,Latin America and the Caribbean,,902,,934,948,,,,1517,1502,,,,0.54676,0.35195,0.41348,2005,,,,
238,Honduras,,340,HND,HN,340,4,Country/Area,916,900,916,Central America,,,1830,Latin America and the Caribbean,904,Latin America and the Caribbean,,902,,934,948,,,,1517,,1501,,,1.54987,0.64874,1.08939,1996,,Yes,,
239,Mexico,,484,MEX,MX,484,4,Country/Area,916,900,916,Central America,,,1830,Latin America and the Caribbean,904,Latin America and the Caribbean,,902,,934,948,,,,1517,1502,,,,0.608712136,0.116753548,0.362978143,2021,,,,
240,Nicaragua,,558,NIC,NI,558,4,Country/Area,916,900,916,Central America,,,1830,Latin America and the Caribbean,904,Latin America and the Caribbean,,902,,934,948,,,,1517,,1501,,,0.30609,0.14456,0.2218,2010,,,,
241,Panama,,591,PAN,PA,591,4,Country/Area,916,900,916,Central America,,,1830,Latin America and the Caribbean,904,Latin America and the Caribbean,,902,,934,948,,,1503,,,,,,1.725324467,0.818798461,1.275001158,2021,,Yes,,
242,South America,,931,   ,,5,3,Subregion,904,,,,,,,,,,,,,,,,,,,,,,,,,,,,,,
243,Argentina,,32,ARG,AR,32,4,Country/Area,931,900,931,South America,,,1830,Latin America and the Caribbean,904,Latin America and the Caribbean,,902,,934,948,,,,1517,1502,,,,0.538175333,0.255261062,0.397029061,2021,,,,
244,Bolivia (Plurinational State of),,68,BOL,BO,68,4,Country/Area,931,900,931,South America,,,1830,Latin America and the Caribbean,904,Latin America and the Caribbean,,902,,934,948,1636,,,1517,,1501,,,0.56215,0.38455,0.46627,1998,,,,
245,Brazil,,76,BRA,BR,76,4,Country/Area,931,900,931,South America,,,1830,Latin America and the Caribbean,904,Latin America and the Caribbean,,902,,934,948,,,,1517,1502,,,,0.737377684,0.39115,0.557922413,2021,,,,
246,Chile,,152,CHL,CL,152,4,Country/Area,931,900,931,South America,,,1830,Latin America and the Caribbean,904,Latin America and the Caribbean,,902,,934,948,,,1503,,,,,,0.963523403,0.220111479,0.597568438,2021,,,,
247,Colombia,,170,COL,CO,170,4,Country/Area,931,900,931,South America,,,1830,Latin America and the Caribbean,904,Latin America and the Caribbean,,902,,934,948,,,,1517,1502,,,,0.73640573,0.271281175,0.503419782,2021,,,,
248,Ecuador,,218,ECU,EC,218,4,Country/Area,931,900,931,South America,,,1830,Latin America and the Caribbean,904,Latin America and the Caribbean,,902,,934,948,,,,1517,1502,,,,0.48737,0.243082906,0.359616366,2021,,,,
249,Falkland Islands (Malvinas),30,238,FLK,FK,238,4,Country/Area,931,900,931,South America,,,1830,Latin America and the Caribbean,904,Latin America and the Caribbean,,902,,934,948,,,,,,,,1518,,,,,,,,Yes
250,French Guiana,2,254,GUF,GF,254,4,Country/Area,931,900,931,South America,,,1830,Latin America and the Caribbean,904,Latin America and the Caribbean,,902,,934,948,,,1503,,,,,,,,,,,,,
251,Guyana,,328,GUY,GY,328,4,Country/Area,931,900,931,South America,,,1830,Latin America and the Caribbean,904,Latin America and the Caribbean,,902,,934,948,,1637,,1517,1502,,,,1.44374,1.42312,1.41622,2014,,Yes,,
252,Paraguay,,600,PRY,PY,600,4,Country/Area,931,900,931,South America,,,1830,Latin America and the Caribbean,904,Latin America and the Caribbean,,902,,934,948,1636,,,1517,1502,,,,0.81678,0.35128,0.5872,2003,,,,
253,Peru,,604,PER,PE,604,4,Country/Area,931,900,931,South America,,,1830,Latin America and the Caribbean,904,Latin America and the Caribbean,,902,,934,948,,,,1517,1502,,,,0.78952,0.17141,0.42978,1991,,,,
254,Suriname,,740,SUR,SR,740,4,Country/Area,931,900,931,South America,,,1830,Latin America and the Caribbean,904,Latin America and the Caribbean,,902,,934,948,,1637,,1517,1502,,,,1.57607,1.2541,1.3938,2012,,Yes,,
255,Uruguay,,858,URY,UY,858,4,Country/Area,931,900,931,South America,,,1830,Latin America and the Caribbean,904,Latin America and the Caribbean,,902,,934,948,,,1503,,,,,,0.864953966,0.633359782,0.749268631,2021,,,,
256,Venezuela (Bolivarian Republic of),,862,VEN,VE,862,4,Country/Area,931,900,931,South America,,,1830,Latin America and the Caribbean,904,Latin America and the Caribbean,,902,,934,948,,,,,,,,1518,0.75751,0.61326,0.68386,2012,,,,
257,NORTHERN AMERICA,,905,,,21,2,Geographic region,1840,,,,,,,,,,,,,,,,,,,,,,,,,,,,,,
258,Bermuda,19,60,BMU,BM,60,4,Country/Area,918,900,,,918,Northern America,1829,Europe and Northern America,905,Northern America,901,,,,,,1637,1503,,,,,,,,,,,,,Yes
259,Canada,,124,CAN,CA,124,4,Country/Area,918,900,,,918,Northern America,1829,Europe and Northern America,905,Northern America,901,,,,,,,1503,,,,,,0.33158,0.10257,0.2053,2007,,,,
260,Greenland,17,304,GRL,GL,304,4,Country/Area,918,900,,,918,Northern America,1829,Europe and Northern America,905,Northern America,901,,,,,,,1503,,,,,,,,,,,,,Yes
261,Saint Pierre and Miquelon,2,666,SPM,PM,666,4,Country/Area,918,900,,,918,Northern America,1829,Europe and Northern America,905,Northern America,901,,,,,,,1503,,,,,,,,,,,,,Yes
262,United States of America,31,840,USA,US,840,4,Country/Area,918,900,,,918,Northern America,1829,Europe and Northern America,905,Northern America,901,,,,,,,1503,,,,,,0.6619,0.18108,0.40879,1990,,,,
263,OCEANIA,,909,,,9,2,Geographic region,1840,,,,,,,,,,,,,,,,,,,,,,,,,,,,,,
264,Australia/New Zealand,,927,   ,,53,3,Subregion,909,,,,,,,,,,,,,,,,,,,,,,,,,,,,,,
265,Australia,32,36,AUS,AU,36,4,Country/Area,927,900,927,Australia/New Zealand,,,927,Australia/New Zealand,909,Oceania,901,,,,,,,1503,,,,,,0.1938,0.03432311,0.11129,2018,,,,
266,New Zealand,33,554,NZL,NZ,554,4,Country/Area,927,900,927,Australia/New Zealand,,,927,Australia/New Zealand,909,Oceania,901,,,,,,,1503,,,,,,0.15350141,0.03064,0.090041176,2021,,,,
267,Melanesia,,928,   ,,54,3,Subregion,909,,,,,,,,,,,,,,,,,,,,,,,,,,,,,,
268,Fiji,,242,FJI,FJ,242,4,Country/Area,928,900,928,Melanesia,,,1835,Oceania (excluding Australia and New Zealand),909,Oceania,,902,,934,948,,1637,,1517,1502,,,,0.295749351,0.132155157,0.21557623,2021,,,,
269,New Caledonia,2,540,NCL,NC,540,4,Country/Area,928,900,928,Melanesia,,,1835,Oceania (excluding Australia and New Zealand),909,Oceania,,902,,934,948,,1637,1503,,,,,,,,,,,,,
270,Papua New Guinea,,598,PNG,PG,598,4,Country/Area,928,900,928,Melanesia,,,1835,Oceania (excluding Australia and New Zealand),909,Oceania,,902,,934,948,,1637,,1517,,1501,,,0.719917716,1.054689407,0.883099,2021,,Yes,,
271,Solomon Islands,,90,SLB,SB,90,4,Country/Area,928,900,928,Melanesia,,,1835,Oceania (excluding Australia and New Zealand),909,Oceania,,902,941,,948,,1637,,1517,,1501,,,,,,,,,,
272,Vanuatu,,548,VUT,VU,548,4,Country/Area,928,900,928,Melanesia,,,1835,Oceania (excluding Australia and New Zealand),909,Oceania,,902,941,,948,,1637,,1517,,1501,,,,,,,,,,
273,Micronesia,,954,   ,,57,3,Subregion,909,,,,,,,,,,,,,,,,,,,,,,,,,,,,,,
274,Guam,29,316,GUM,GU,316,4,Country/Area,954,900,954,Micronesia,,,1835,Oceania (excluding Australia and New Zealand),909,Oceania,,902,,934,948,,1637,1503,,,,,,,,,,,,,
275,Kiribati,,296,KIR,KI,296,4,Country/Area,954,900,954,Micronesia,,,1835,Oceania (excluding Australia and New Zealand),909,Oceania,,902,941,,948,,1637,,1517,,1501,,,,,,,,,,
276,Marshall Islands,,584,MHL,MH,584,4,Country/Area,954,900,954,Micronesia,,,1835,Oceania (excluding Australia and New Zealand),909,Oceania,,902,,934,948,,1637,,1517,1502,,,,,,,,,,,Yes
277,Micronesia (Fed. States of),,583,FSM,FM,583,4,Country/Area,954,900,954,Micronesia,,,1835,Oceania (excluding Australia and New Zealand),909,Oceania,,902,,934,948,,1637,,1517,,1501,,,,,,,,,,
278,Nauru,,520,NRU,NR,520,4,Country/Area,954,900,954,Micronesia,,,1835,Oceania (excluding Australia and New Zealand),909,Oceania,,902,,934,948,,1637,1503,,,,,,,,,,,,,Yes
279,Northern Mariana Islands,29,580,MNP,MP,580,4,Country/Area,954,900,954,Micronesia,,,1835,Oceania (excluding Australia and New Zealand),909,Oceania,,902,,934,948,,1637,1503,,,,,,,,,,,,,Yes
280,Palau,,585,PLW,PW,585,4,Country/Area,954,900,954,Micronesia,,,1835,Oceania (excluding Australia and New Zealand),909,Oceania,,902,,934,948,,1637,,1517,1502,,,,,,,,,,,Yes
281,Polynesia,34,957,   ,,61,3,Subregion,909,,,,,,1835,,,,,,,,,,,,,,,,,,,,,,,,
282,American Samoa,29,16,ASM,AS,16,4,Country/Area,957,900,957,Polynesia,,,1835,Oceania (excluding Australia and New Zealand),909,Oceania,,902,,934,948,,1637,,1517,1502,,,,,,,,,,,Yes
283,Cook Islands,35,184,COK,CK,184,4,Country/Area,957,900,957,Polynesia,,,1835,Oceania (excluding Australia and New Zealand),909,Oceania,,902,,934,948,,1637,,,,,,1518,,,,,,,,Yes
284,French Polynesia,2,258,PYF,PF,258,4,Country/Area,957,900,957,Polynesia,,,1835,Oceania (excluding Australia and New Zealand),909,Oceania,,902,,934,948,,1637,1503,,,,,,,,,,,,,
285,Niue,35,570,NIU,NU,570,4,Country/Area,957,900,957,Polynesia,,,1835,Oceania (excluding Australia and New Zealand),909,Oceania,,902,,934,948,,1637,,,,,,1518,,,,,,,,Yes
286,Samoa,,882,WSM,WS,882,4,Country/Area,957,900,957,Polynesia,,,1835,Oceania (excluding Australia and New Zealand),909,Oceania,,902,,934,948,,1637,,1517,,1501,,,,,,,,,,
287,Tokelau,35,772,TKL,TK,772,4,Country/Area,957,900,957,Polynesia,,,1835,Oceania (excluding Australia and New Zealand),909,Oceania,,902,,934,948,,,,,,,,1518,,,,,,,,Yes
288,Tonga,,776,TON,TO,776,4,Country/Area,957,900,957,Polynesia,,,1835,Oceania (excluding Australia and New Zealand),909,Oceania,,902,,934,948,,1637,,1517,1502,,,,,,,,,,,
289,Tuvalu,,798,TUV,TV,798,4,Country/Area,957,900,957,Polynesia,,,1835,Oceania (excluding Australia and New Zealand),909,Oceania,,902,,934,948,,1637,,1517,1502,,,,,,,,,,,Yes
290,Wallis and Futuna Islands,2,876,WLF,WF,876,4,Country/Area,957,900,957,Polynesia,,,1835,Oceania (excluding Australia and New Zealand),909,Oceania,,902,,934,948,,,,,,,,1518,,,,,,,,Yes
